X,Y,OBJECTID,TRACKING,NAME,TRACKINGNUMBER,PROJECTNAME,OVERALLSTATUSCATEGORY,APPROVALDATE,PROGRAM,SMIP,GARP,GRANTAMOUNT,SURFACE_INFILTRATION_BASIN,SUBSURFACE_INFILTRATION_BASIN,SURFACE_DETENTION_BASIN,SUBSURFACE_DETENTION_BASIN,BIOINFILTRATION,BIORETENTION,CISTERN,GREEN_ROOF,POROUS_PAVEMENT,WQ_TREATMENT_DEVICE
-75.205763802065903,40.075413471628089,1,2009-WEAV-1224-01,Weavers Way Coop,2009-WEAV-1224-01,Weavers Way Coop,Verified,2011-09-05T00:00:00.000Z,Retrofit,,0,,0,1,0,0,0,0,0,0,0,0
-75.188764619663189,39.908699906481353,2,2010-CATC-1352-01,CATCH Retrofit,2010-CATC-1352-01,CATCH Retrofit,Verified,2010-10-01T11:39:06.000Z,Retrofit,,0,,0,2,0,0,0,0,0,0,0,0
-75.014558606348345,40.051051903547403,3,2010-PENN-1369-01,Pennypack Woods Retrofit,2010-PENN-1369-01,"Pennypack Woods HOA Stormwater Management - Sites A, B, E",Verified,2010-09-30T16:50:06.000Z,Retrofit,0,0,,0,0,0,0,1,0,0,0,0,0
-75.151993751014089,40.009140848459893,4,2010-COMM-1370-01,Community Legal Services,2010-COMM-1370-01,Community Legal Services,Verified,2013-10-16T10:25:28.000Z,Retrofit,,0,,0,0,0,0,0,0,0,1,0,0
-75.073865872652561,40.085385435061376,5,2011-TVPV-1489-01,TVPV Stormwater Credit App.,2011-TVPV-1489-01,TVPV The Villages at Pine Valley Stormwater Credit App.,Verified,2011-03-21T15:20:13.000Z,Retrofit,,0,,0,0,2,0,0,0,0,0,0,0
-74.983445281024515,40.109532812208599,6,2011-2800-1510-01,2800 Black Lake Pl,2011-2800-1510-01,2800 Black Lake Pl,Verified,2011-06-23T13:56:40.000Z,Retrofit,,0,,2,0,0,0,0,0,0,0,0,0
-75.162225503866026,39.970834168379028,7,2011-1518-1561-01,1518 Cambridge Street to 1521 Poplar Street,2011-1518-1561-01,1518 Cambridge Street to 1521 Poplar Street,Verified,2015-02-04T00:00:00.000Z,Retrofit,,0,,0,1,0,0,0,0,0,0,0,0
-75.065830419536582,40.083729257593362,8,2011-LAFA-1565-01,Lafayette Redeemer Stormwater Retrofit,2011-LAFA-1565-01,Lafayette Redeemer Stormwater Retrofit,Verified,2011-06-13T14:28:24.000Z,Retrofit,,0,,0,0,2,0,0,0,0,0,0,0
-75.10707820068302,39.992711366884045,9,2011-2150-1616-01,2150 E Westmoreland St,2011-2150-1616-01,2150 E. Westmoreland St.,Verified,2012-01-12T14:30:44.000Z,Retrofit,,0,,0,1,0,0,0,0,0,0,0,0
-75.238949816995373,39.921621080201277,10,2011-RETR-001-01,St James Episcopal Church Retrofit,2011-RETR-001-01,St. James Episcopal Church Retrofit,Verified,2011-07-12T00:00:00.000Z,Retrofit,,0,,0,0,0,0,0,0,0,0,0,0
-75.212765475839632,39.958219618905979,11,2012-THEE-1746-01,The Enterprise Center Green Roof,2012-THEE-1746-01,The Enterprise Center Green Roof,Verified,2012-01-25T16:57:14.000Z,Retrofit,,0,,0,0,0,0,0,0,0,1,0,0
-75.052343338694271,40.014971295371062,12,2012-NEWM-1776-01,Newman and Company Rainwater Harvesting,2012-NEWM-1776-01,Newman and Company Rainwater Harvesting System,Verified,2012-04-24T14:59:45.000Z,Retrofit,0,0,,0,0,0,0,0,0,1,0,0,0
-75.051752467027825,40.015561762765714,13,2012-6225-1857-01,6225 State Road,2012-6225-1857-01,6225 State Road,Verified,2013-12-23T08:21:42.000Z,Retrofit,,0,,0,0,0,0,1,0,0,0,0,0
-75.014848865352832,40.050930252546223,14,2012-PENN-1917-01,Pennypack Woods Homeowners Association Stormwater,2012-PENN-1917-01,Pennypack Woods Homeowners Association Stormwater Management Retrofit,Verified,2013-01-18T08:25:48.000Z,Retrofit,-1,0,135500,0,0,0,0,2,1,0,0,0,0
-74.977147882662706,40.11064712415812,15,2012-COMM-1868-01,Commerce Way Outlet Retrofit,2012-COMM-1868-01,Commerce Way Outlet Retrofit,Verified,2010-06-15T00:00:00.000Z,Retrofit,,0,,0,0,2,0,0,0,0,0,0,0
-75.130393213387535,39.965401876338326,16,2012-ROOF-1869-01,Roof Leader Disconnection Retrofit,2012-ROOF-1869-01,Roof Leader Disconnection Retrofit,Verified,2012-06-08T12:06:22.000Z,Retrofit,,0,,0,0,0,0,0,0,0,0,0,0
-75.002859043989261,40.120490720502069,17,2012-1341-2019-01,13410- 13420 Damar Drive,2012-1341-2019-01,13410- 13420 Damar Drive,Verified,2014-04-07T14:30:02.000Z,Retrofit,-1,0,255000,0,3,0,0,1,0,0,0,0,0
-75.173489417444173,40.034036118819003,18,2012-GSFS-2028-01,"GSFS, Green Street Friends School Retrofit",2012-GSFS-2028-01,"GSFS, Green Street Friends School Retrofit",Verified,2013-06-12T10:43:48.000Z,Retrofit,-1,0,91080,0,0,0,0,0,1,0,0,0,0
-75.16340146009513,39.933236738802933,19,2013-1148-2105-01,1148 Wharton Street,2013-1148-2105-01,1148 Wharton Street,Verified,2014-01-31T15:06:08.000Z,Retrofit,-1,0,79500,1,2,0,0,0,0,0,1,0,0
-75.214674010309068,39.998132817105258,20,2013-METH-2117-01,Methodist Home Rain Gardens,2013-METH-2117-01,Methodist Home Rain Gardens,Verified,2013-05-06T14:38:17.000Z,Retrofit,-1,0,70000,0,0,0,0,11,0,0,0,0,0
-75.122118392545786,40.047494212383285,21,2013-ASPI-2196-01,Aspira Educational Campus Stormwater Management Pr,2013-ASPI-2196-01,Aspira Educational Campus Stormwater Management Project,Verified,2015-01-06T13:49:29.000Z,Retrofit,-1,0,975000,1,2,0,0,0,0,0,0,0,0
-75.099972171839028,40.034036351043099,22,2013-CARD-2220-01,Cardone Whitaker Ave Facility- Stormwater Retrofit,2013-CARD-2220-01,Cardone Whitaker Ave Facility- Stormwater Retrofit- Phase 2,Verified,2014-09-04T09:57:16.000Z,Retrofit,-1,0,861441,0,0,2,0,0,0,0,0,0,0
-74.981333905095852,40.109028824828137,23,2013-WEST-2243-01,Westinghouse,2013-WEST-2243-01,Westinghouse,Verified,2014-02-18T11:44:46.000Z,Retrofit,-1,0,315000,2,0,0,0,1,0,0,0,0,0
-75.103226776410736,40.025034441838962,24,2013-FRIE-2269-01,Friends Hospital Stormwater Improvements,2013-FRIE-2269-01,Friends Hospital Stormwater Improvements,Verified,2014-03-12T13:34:42.000Z,Retrofit,-1,0,530000,0,0,0,0,0,0,0,0,0,0
-75.186816757923438,40.024223078671199,25,2013-PENN-2318-01,Penn Charter Squash Court Retrofits,2013-PENN-2318-01,Penn Charter Squash Court Retrofits,Verified,2013-10-03T14:08:21.000Z,Retrofit,,0,,2,0,0,0,0,0,0,0,0,0
-75.234113706503564,39.982529626144228,26,2013-SITE-2387-01,Site 10 Phase 1 Stormwater Credit Retrofit Design,2013-SITE-2387-01,Site 10 Phase 1 Stormwater Credit Retrofit Design,Verified,2014-04-03T15:48:12.000Z,Retrofit,-1,0,322200,0,1,0,0,0,0,0,0,0,0
-75.233604882035991,39.982487484653561,27,2013-SITE-2401-01,Site 10 Phase 2 Stormwater Credit Retrofit Design,2013-SITE-2401-01,Site 10 Phase 2 Stormwater Credit Retrofit Design,Verified,2014-04-03T14:56:56.000Z,Retrofit,-1,0,260100,0,1,0,0,0,0,0,0,0,0
-75.051043835104778,40.015350260336753,28,2013-6225-2400-01,6225 State Road,2013-6225-2400-01,6225 State Road,Verified,2014-05-28T10:09:57.000Z,Retrofit,,0,,0,2,0,0,0,0,0,0,0,0
-75.081218904953872,40.009096649690967,29,2014-GLOB-2467-01,Globe Dye Works Rainwater Detention System,2014-GLOB-2467-01,Globe Dye Works Rainwater Detention System,Verified,2014-06-10T08:49:59.000Z,Retrofit,-1,0,17000,0,0,2,0,0,0,0,0,0,0
-75.129999538099426,40.002514073914853,30,2014-WILL-2541-01,William Cramp Schoolyard Design Enhancements,2014-WILL-2541-01,William Cramp Schoolyard Design Enhancements,Verified,2015-11-20T15:02:35.000Z,Retrofit,-1,0,15659,0,0,0,0,0,0,0,0,0,0
-75.054998059298896,40.013584629076377,31,2014-SITE-2550-01,Site 16 Stormwater Retrofit - Quaker City Flea Mar,2014-SITE-2550-01,Site 16 Stormwater Retrofit - Quaker City Flea Market,Verified,2014-08-08T10:42:15.000Z,Retrofit,0,-1,250300,0,1,0,0,0,0,0,0,0,0
-75.201701616163831,39.933309910727942,32,2014-SITE-2549-01,Site 32 Stormwater Credit Retrofit Design,2014-SITE-2549-01,Site 32 Stormwater Credit Retrofit Design,Verified,2014-09-09T14:51:35.000Z,Retrofit,0,-1,270000,0,1,0,0,0,0,0,0,0,0
-75.233028628537781,39.982174800590087,33,2014-SITE-2501-01,Site 10 Phase 3 Stormwater Credit Retrofit Design,2014-SITE-2501-01,Site 10 Phase 3 Stormwater Credit Retrofit Design,Verified,2014-06-12T13:47:20.000Z,Retrofit,-1,0,2138400,0,0,0,0,1,0,0,0,0,0
-75.096380801522983,40.034159208363668,34,2013-CARD-2076-01,Cardone Whitaker Ave Facility - Stormwater Retrofi,2013-CARD-2076-01,Cardone Whitaker Ave Facility - Stormwater Retrofit- Phase 1,Verified,2013-03-25T14:25:21.000Z,Retrofit,-1,0,2500000,0,0,1,1,0,0,0,0,0,0
-75.224442040433146,39.914484926753616,35,2014-SITE-2666-01,Site 26 - Phase 2 Stormwater Retrofit Design,2014-SITE-2666-01,Site 26 - Phase 2 Stormwater Retrofit Design,Verified,2014-12-02T14:13:37.000Z,Retrofit,0,-1,221400,0,2,0,0,0,0,0,0,0,0
-75.23927233509491,39.984430811525527,36,2014-SITE-2682-01,,2014-SITE-2682-01,"Site 38, Stormwater Credit Retrofit Design",Verified,2014-11-03T12:48:34.000Z,Retrofit,0,-1,900900,1,0,0,1,0,0,0,0,0,0
-75.074549389932244,40.012826508071321,37,2014-WARR-2757-01,Warren G. Harding School,2014-WARR-2757-01,Warren G. Harding School,Verified,2015-07-01T15:43:09.000Z,Retrofit,-1,0,511922,0,0,0,0,0,4,0,0,0,0
-75.032278599352807,40.1040593473586,38,2014-BETH-2754-01,Bethesda Church Stormwater Green Infrastructure Pr,2014-BETH-2754-01,Bethesda Church Stormwater Green Infrastructure Project,Verified,2015-04-24T11:15:41.000Z,Retrofit,-1,0,73000,0,0,0,0,0,4,0,0,0,0
-75.10084686836484,39.995320089721623,39,2015-3560-2776-01,3560 SEPVIVA STREET,2015-3560-2776-01,3560 Sepviva Street,Verified,2017-02-15T09:30:49.000Z,Retrofit,-1,0,95000,0,1,0,0,0,0,0,0,0,0
-75.160943970791919,40.05592190961783,40,2015-MART-2832-01,Martin Luther King High School,2015-MART-2832-01,Martin Luther King High School,Verified,2015-08-27T10:10:33.000Z,Retrofit,-1,0,763282,0,1,0,0,4,0,0,0,0,0
-75.134703612154709,39.971584869083046,41,2015-LUTH-2836-01,Lutheran Settlement House Complex Renovation,2015-LUTH-2836-01,Lutheran Settlement House Complex Renovation,Verified,2015-11-25T00:00:00.000Z,Retrofit,-1,0,20000,0,0,0,0,0,0,0,0,0,0
-75.023345969809355,40.032047739991683,42,2015-SITE-2812-01,"Site 30, PWD Stormwater Credit Retrofit Design",2015-SITE-2812-01,"Site 30, PWD Stormwater Credit Retrofit Design",Verified,2015-05-07T15:58:37.000Z,Retrofit,0,-1,745200,0,0,0,2,0,0,0,0,0,0
-75.21638533915015,39.953928963102328,43,2015-LEAE-2888-01,LEA ELEMENTARY SCHOOL GREENING PHASE 1,2015-LEAE-2888-01,Lea Elementary School Greening Phase 1,Verified,2015-06-24T12:32:24.000Z,Retrofit,-1,0,242000,0,2,0,0,4,0,0,0,1,0
-75.120634007000362,40.031831633640529,44,2015-STJA-2895-01,St. James United Methodist Church Green Stormwater,2015-STJA-2895-01,St. James United Methodist Church Green Stormwater Infrastructure,Verified,2015-06-04T14:53:43.000Z,Retrofit,-1,0,30333,2,0,1,1,0,0,0,0,0,0
-75.125810097962827,40.007934907372672,45,2015-LIGH-2907-01,Lighthouse Field,2015-LIGH-2907-01,Lighthouse Field,Verified,2015-05-29T13:31:48.000Z,Retrofit,-1,0,43333,0,0,1,0,0,0,0,0,0,0
-75.155722997828661,39.916936747554537,46,2015-TAGG-2931-01,Taggart Elementary Schoolyard Improvement Project,2015-TAGG-2931-01,Taggart Elementary Schoolyard Improvement Project,Verified,2015-12-07T00:00:00.000Z,Retrofit,-1,0,116596,0,1,0,0,1,0,0,0,0,0
-75.165803513403119,39.970375588216505,47,2015-FRAN-2954-01,Francisville Senior LP,2015-FRAN-2954-01,Francisville Senior LP,Verified,2015-07-09T10:58:18.000Z,Retrofit,-1,0,51000,0,0,0,0,0,3,0,0,0,0
-75.16698021118323,40.071891958683366,48,FY16-SITE-4010-01,Site 53,FY16-SITE-4010-01,Site 53,Verified,2015-07-31T08:44:17.000Z,Retrofit,0,-1,259700,0,2,3,0,0,0,0,0,0,0
-75.183136437624228,39.916698965506335,49,FY16-SITE-4016-01,Site 13 - Phase 1,FY16-SITE-4016-01,Site 13 - Phase 1,Verified,2015-09-15T13:33:49.000Z,Retrofit,0,-1,417760,0,0,0,1,0,0,0,0,0,0
-75.03162240771394,40.029339123754298,50,FY16-SITE-4020-01,Site 104,FY16-SITE-4020-01,Site 104,Verified,2015-08-27T11:34:15.000Z,Retrofit,0,-1,246400,0,2,0,0,0,0,0,0,0,0
-75.1444624945686,39.959277445937396,51,FY16-MIDA-4019-01,Mid Atlantic Social Security Administration Parkin,FY16-MIDA-4019-01,Mid Atlantic Social Security Administration Parking Lot Improvements/ Bio-Retention Area,Verified,2015-10-14T07:29:00.000Z,Retrofit,,0,,1,0,0,0,0,0,0,0,0,0
-75.159826541265005,39.901671268743257,52,FY16-SITE-4039-01,Site 031,FY16-SITE-4039-01,Site 031,Verified,2015-10-23T09:01:17.000Z,Retrofit,-1,0,322000,0,0,1,3,0,0,0,0,0,0
-75.138341160937586,40.045951166041178,53,FY16-LIND-4086-01, LINDY ACADEMIA,FY16-LIND-4086-01,Lindy Academia,Complete,2016-08-15T11:41:50.000Z,Retrofit,-1,0,63234,0,0,0,0,0,0,0,0,0,0
-75.173427138039244,40.053966406092272,54,FY16-WILL-4082-01,WILLOW BEND STORMWATER MANAGEMENT RETROFIT,FY16-WILL-4082-01,Willow Bend Stormwater Management Retrofit,Approved,2015-12-14T13:39:49.000Z,Retrofit,-1,0,101766,0,0,0,0,0,0,0,0,0,0
-75.094174718422778,40.010522834011446,55,FY16-ADAM-4101-01,1300 Adams Avenue,FY16-ADAM-4101-01,1300 Adams Ave,Verified,2015-11-23T10:07:42.000Z,Retrofit,-1,0,220000,0,0,1,0,0,0,0,0,0,0
-75.104850788828998,40.035878085889266,56,FY16-SITE-4104-01,Site 84,FY16-SITE-4104-01,Site 84,Verified,2016-01-05T11:46:25.000Z,Retrofit,0,-1,817600,0,4,0,0,0,0,0,0,0,0
-75.245440532694545,39.916532174376748,57,FY16-PHIL-4130-01,Philadelphia Montessori School,FY16-PHIL-4130-01,Philadelphia Montessori School,Verified,2015-07-17T00:00:00.000Z,Retrofit,-1,0,36500,0,0,0,0,0,0,0,0,0,0
-75.15096921443623,39.951563227017715,58,FY16-USGS-4133-01,US GSA Green Roof,FY16-USGS-4133-01,US GSA Green Roof,Verified,2011-12-06T00:00:00.000Z,Retrofit,,0,,0,0,0,0,0,0,0,1,0,0
-75.177950562179461,39.966698342294833,59,FY16-PHIL-4134-01,Philadelphian Green Roof,FY16-PHIL-4134-01,Philadelphian Green Roof,Verified,2015-11-05T00:00:00.000Z,Retrofit,-1,0,25000,0,0,0,0,0,0,0,1,0,0
-75.178816594281145,39.95470599715766,60,FY16-PECO-4145-01,PECO Green Roof,FY16-PECO-4145-01,PECO Green Roof,Verified,2010-12-10T00:00:00.000Z,Retrofit,,0,,0,0,0,0,0,0,0,1,0,0
-75.129448702889036,39.972505788768174,61,FY16-ADAI-4164-01,Adaire Schoolyard Improvements,FY16-ADAI-4164-01,Adaire Schoolyard Improvements,Verified,2016-02-29T10:34:00.000Z,Retrofit,-1,0,464263,0,0,0,0,0,0,0,0,0,0
-75.1026550447841,40.033048973434774,62,FY16-JOMA-4143-01,Jomar Retail Treasures Green Stormwater Infrastruc,FY16-JOMA-4143-01,Jomar Retail Treasures Green Stormwater Infrastructure Project,Verified,2016-03-01T09:25:31.000Z,Retrofit,-1,0,145000,0,0,1,0,0,0,0,0,0,0
-75.032673469042592,40.110763574394333,63,FY16-SITE-4181-01,Site 5029,FY16-SITE-4181-01,Site 5029,Verified,2016-07-18T00:00:00.000Z,Retrofit,,0,,0,0,0,0,1,0,0,0,0,0
-75.103032653738438,40.035171241833154,64,FY16-SITE-4189-01,Site 81,FY16-SITE-4189-01,Site 81,Verified,2016-02-08T12:01:04.000Z,Retrofit,0,-1,929600,0,0,3,4,0,0,0,0,0,0
-75.176661927664625,39.941899060795834,65,FY16-CHES-4233-01,Chester A. Arthur Playground/Park and Green Infras,FY16-CHES-4233-01,Chester A. Arthur Playground/Park and Green Infrastructure Upgrades,Verified,2016-04-15T15:12:20.000Z,Retrofit,-1,0,232000,1,1,0,0,0,0,0,0,1,0
-75.164897930518691,39.955772226657281,66,FY16-FRIE-4238-01,Friends Center,FY16-FRIE-4238-01,Friends Center,Verified,2012-10-22T00:00:00.000Z,Retrofit,,0,,0,0,0,0,0,0,0,1,0,0
-75.170876657739555,39.940377722569295,67,FY16-EMST-4198-01,E. M. Stanton School Playground,FY16-EMST-4198-01,E. M. Stanton School Playground,Verified,2016-09-21T11:46:40.000Z,Retrofit,-1,0,67550,0,0,0,0,0,0,0,0,0,0
-75.099746281442279,39.989572909117157,68,FY16-GAUL-4273-01,3401 Gaul Street - Site 150,FY16-GAUL-4273-01,3401 Gaul Street - Site 150,Verified,2016-06-08T08:53:10.000Z,Retrofit,0,-1,89600,0,0,0,0,0,0,0,0,0,0
-75.236663093794988,39.916295622649884,69,FY16-JMPA-4286-01,J.M. PATTERSON SCHOOL PLAYGROUND,FY16-JMPA-4286-01,J.M. PATTERSON SCHOOL PLAYGROUND,Verified,2017-03-28T12:22:42.000Z,Retrofit,-1,0,151775,0,0,0,0,1,0,0,0,0,0
-75.16082277361447,40.040604802684328,70,FY16-LASA-4274-01,La Salle University SMIP - Phase II,FY16-LASA-4274-01,La Salle University SMIP - Phase II,Verified,2016-06-06T15:21:35.000Z,Retrofit,-1,0,938990,0,0,1,4,0,0,0,0,0,0
-75.109734601364295,39.999520112191369,71,FY16-ISTR-4292-01,3401 I Street,FY16-ISTR-4292-01,3401 I Street,Verified,2016-06-08T14:29:23.000Z,Retrofit,-1,0,66000,0,0,0,0,0,0,0,0,0,0
-75.072958210539142,40.009420666258492,72,FY16-WAKE-4282-01,2222 Wakeling Street - Site 120,FY16-WAKE-4282-01,2222 Wakeling Street - Site 120,Verified,2016-06-03T09:33:25.000Z,Retrofit,0,-1,501193,0,0,0,2,0,0,0,0,0,0
-75.064321157750172,39.999168083109261,73,FY16-RICH-4302-01,Richmond Waterfront Industrial Park,FY16-RICH-4302-01,Richmond Waterfront Industrial Park,Construction,2019-02-04T13:46:51.000Z,Retrofit,-1,0,1082388,0,0,0,0,0,0,0,0,0,0
-75.126440220534988,39.982316272220025,74,FY16-NFRA-4325-01,2431 N. Frankford Avenue,FY16-NFRA-4325-01,2431 N. Frankford Avenue,Verified,2017-03-13T13:46:46.000Z,Retrofit,-1,0,42925,0,0,0,0,0,0,0,0,1,0
-75.13240533918173,40.012198036116153,75,FY16-NAME-4323-01,4000 N. American Street - Site 67,FY16-NAME-4323-01,4000 N. American Street - Site 67,Verified,2016-08-10T13:16:10.000Z,Retrofit,0,-1,676258,0,0,0,2,0,0,0,0,0,0
-75.182743970252432,39.911537962733128,76,2015-MINK-2844-01,"MINK1143, LLC",2015-MINK-2844-01,"MINK1143, LLC",Verified,2015-05-21T12:47:30.000Z,Retrofit,-1,0,74000,1,0,0,0,0,0,0,0,0,0
-75.225189929043466,39.912823445971434,77,2014-SITE-2592-01,Site 26 - Phase 1 Stormwater Retrofit Design,2014-SITE-2592-01,Site 26 - Phase 1 Stormwater Retrofit Design,Verified,2014-10-02T10:29:59.000Z,Retrofit,0,-1,408603,0,1,0,0,0,0,0,0,0,0
-75.223121353114379,39.912997471952821,78,2015-SITE-2810-01,"Site 26, Phase 3 Stormwater Credit Retrofit Design",2015-SITE-2810-01,"Site 26, Phase 3 Stormwater Credit Retrofit Design",Verified,2015-04-07T15:45:20.000Z,Retrofit,0,-1,883800,0,0,0,5,0,0,0,0,0,0
-75.111981953526637,40.039655886922823,79,2015-SITE-2809-01,"Site 5, PWD Stormwater Credit Retrofit Design",2015-SITE-2809-01,"Site 5, PWD Stormwater Credit Retrofit Design",Verified,2015-05-11T14:56:48.000Z,Retrofit,0,-1,1389600,0,1,0,1,0,0,0,0,0,0
-75.20174324647202,39.934134223275706,80,2014-SITE-2665-01,"Site 32, Phase 2 Stormwater Credit Retrofit Design",2014-SITE-2665-01,"Site 32, Phase 2 Stormwater Credit Retrofit Design",Verified,2015-01-28T12:24:42.000Z,Retrofit,0,-1,730800,0,1,0,1,0,0,0,0,0,0
-75.09968868012146,40.030164092449098,81,2015-NORT-2977-01,Northeast Tower Center Retrofit,2015-NORT-2977-01,Northeast Tower Center Retrofit,Verified,2015-08-24T11:53:38.000Z,Retrofit,-1,0,1435000,0,1,0,5,0,0,0,0,0,2
-75.152655686932206,40.03518708161063,82,2015-LASA-2865-01,La Salle University SMIP Grant,2015-LASA-2865-01,La Salle University SMIP Grant,Verified,2015-08-11T14:46:15.000Z,Retrofit,-1,0,952600,0,0,3,0,0,0,0,0,0,0
-75.029665621001399,40.077164700179331,83,FY16-EROO-4355-01,9371 E Roosevelt Blvd - Site 152,FY16-EROO-4355-01,9371 E Roosevelt Blvd - Site 152,Verified,2016-08-05T12:55:25.000Z,Retrofit,,-1,750000,0,3,0,0,0,0,0,0,0,0
-75.22364363900553,39.910645561432986,84,FY16-ESSI-4357-01,6723 Essington Ave - Site 153,FY16-ESSI-4357-01,6723 Essington Ave - Site 153,Verified,2016-08-10T13:31:47.000Z,Retrofit,,-1,624640,0,0,0,3,0,0,0,0,0,0
-75.052287628759061,40.039374037357071,85,2015-MAYF-2796-01,Mayfair Elementary School,2015-MAYF-2796-01,Mayfair Elementary School,Verified,2015-07-08T10:24:56.000Z,Retrofit,-1,0,707015,0,0,0,0,0,3,0,0,0,0
-75.100527197119135,40.005229080944275,86,FY17-EERI-4396-01,1400-38 E. Erie Ave - Site 145,FY17-EERI-4396-01,1400-38 E. Erie Ave - Site 145,Verified,2016-10-10T10:37:00.000Z,Retrofit,,-1,246400,0,0,0,1,0,0,0,0,0,0
-75.126168521876508,40.011255617692029,87,FY17-ELUZ-4412-01,101 E. Luzerne St - Site 83,FY17-ELUZ-4412-01,101 E. Luzerne St - Site 83,Verified,2016-10-12T15:00:53.000Z,Retrofit,0,-1,590440,0,3,0,0,0,0,0,0,0,0
-75.153341518644993,39.972055183253175,88,FY17-STMA-4406-01,St. Malachy School Playground,FY17-STMA-4406-01,St. Malachy School Playground,Complete,2017-07-21T14:54:27.000Z,Retrofit,-1,0,150000,0,0,0,0,0,0,0,0,0,0
-75.201621246221947,40.015023151268331,89,FY17-GYPS-4447-01,SGypsy Lane SMIP Grant Green Stormwater Infrastruc,FY17-GYPS-4447-01,Gypsy Lane SMIP Grant Green Stormwater Infrastructure Project,Complete,2016-12-06T09:05:26.000Z,Retrofit,-1,0,118000,0,0,0,0,2,1,0,0,0,0
-75.223005738670125,39.9317072147484,90,FY17-PASC-4472-01,5600 Paschall Ave - Site 97,FY17-PASC-4472-01,5600 Paschall Ave - Site 97,Verified,2017-07-20T13:44:04.000Z,Retrofit,,-1,893589,0,2,0,2,0,0,0,0,0,0
-75.063283585601809,40.011375632117151,91,FY17-TACO-4444-01,5458 Tacony Street - Site 136,FY17-TACO-4444-01,5458 Tacony Street - Site 136,Verified,2017-02-07T14:46:53.000Z,Retrofit,,-1,597800,0,0,0,3,0,0,0,0,0,0
-75.145013740554575,39.97233285469072,92,FY17-FSFA-4510-01,FS Family LP,FY17-FSFA-4510-01,FS Family LP,Verified,2016-12-09T16:03:06.000Z,Retrofit,-1,0,16390,0,0,0,0,0,0,0,1,0,0
-75.092093694417116,40.00339699928405,93,FY17-WHEA-4544-01,2045 Wheatsheaf Lane - Site 56,FY17-WHEA-4544-01,2045 Wheatsheaf Lane - Site 56,Verified,2017-06-22T15:42:46.000Z,Retrofit,,-1,979175,0,1,0,0,0,0,0,0,0,0
-75.133244630835506,40.008733341872002,94,FY17-NDAN-4582-01,2nd and Erie,FY17-NDAN-4582-01,2nd and Erie,Construction,2018-12-04T09:49:34.000Z,Retrofit,-1,0,,0,0,0,1,0,0,0,0,0,0
-75.212759879478199,39.934989645924333,95,FY17-GRAY-4520-01,5100 GRAYS AVE - SITE 71,FY17-GRAY-4520-01,5100 GRAYS AVE - SITE 71,Verified,2017-01-23T09:50:21.000Z,Retrofit,,-1,1115080,0,0,0,3,0,0,0,0,0,0
-75.22117272520417,39.939985628390609,96,FY17-HOLY-4621-01,Holy Family Home Little Sisters of the Poor,FY17-HOLY-4621-01,Holy Family Home Little Sisters of the Poor,Construction,2018-02-27T13:19:37.000Z,Retrofit,-1,0,,0,0,0,1,0,0,0,0,0,0
-75.176229138764256,40.036465671384384,97,2012-5818-1784-01,5818 Germantown Avenue,2012-5818-1784-01,Vernon Park Rain Garden,Verified,2012-03-13T10:10:32.000Z,Retrofit,,0,,0,0,0,0,1,0,0,0,0,0
-75.167262647756829,40.041982636318103,98,FY17-ECHE-4667-01,500 E Chelten Ave,FY17-ECHE-4667-01,500 E Chelten Ave,Verified,2017-08-31T11:01:24.000Z,Retrofit,-1,0,663000,0,0,0,1,0,0,0,0,0,0
-75.171823598275168,40.03450009346458,99,FY17-HIST-4671-01,Historic Germantown Stormwater Project,FY17-HIST-4671-01,Historic Germantown Stormwater Project,Verified,2017-04-26T08:45:16.000Z,Retrofit,-1,0,101000,0,0,0,1,0,1,0,0,0,0
-75.248667063244895,39.982457257058002,100,FY17-OVER-4682-01,OVERBROOK SCHOOL FOR THE BLIND,FY17-OVER-4682-01,Overbrook School for the Blind,Verified,2017-06-14T11:14:53.000Z,Retrofit,-1,0,245550,0,1,0,0,1,0,0,0,0,0
-75.217092590804299,40.034952419026666,101,FY17-ROXB-4688-01,Roxborough Pocket Park,FY17-ROXB-4688-01,Roxborough Pocket Park,Complete,2017-11-14T14:13:31.000Z,Retrofit,-1,0,20000,0,1,0,0,1,0,0,0,0,0
-75.012948746426616,40.049131855275903,102,FY17-POSE-4687-01,Posel Frankford Ave,FY17-POSE-4687-01,Posel Frankford Ave,Verified,2017-06-20T09:35:46.000Z,Retrofit,-1,0,465000,0,0,0,1,0,0,0,0,0,0
-75.16976882068839,40.041394940457579,103,FY17-ECHE-4668-01,475 E Chelten Ave,FY17-ECHE-4668-01,475 E Chelten Ave,Complete,2018-03-02T13:36:39.000Z,Retrofit,-1,0,,0,1,0,0,0,0,0,0,0,0
-75.22399501524454,39.909698100469562,104,FY17-ESSI-4624-01,6729 Essington Ave - Site 144,FY17-ESSI-4624-01,6729 Essington Ave - Site 144,Verified,2017-08-21T11:55:06.000Z,Retrofit,,-1,,0,0,0,3,0,0,0,0,0,0
-75.223439798751315,39.911302857993412,105,FY17-ESSI-4628-01,6717 Essington Ave & 6724 Norwitch Drive - Site 14,FY17-ESSI-4628-01,6717 Essington Ave & 6724 Norwitch Drive - Site 142,Verified,2017-07-27T13:33:55.000Z,Retrofit,,-1,,0,0,0,2,0,0,0,0,0,0
-75.116720950704448,40.00260486304181,106,FY17-BAKE-4685-01,BAKER INDUSTRIES,FY17-BAKE-4685-01,BAKER INDUSTRIES,Verified,2017-11-08T15:48:38.000Z,Retrofit,-1,0,284746,0,1,0,0,0,0,0,0,0,0
-75.094412374079127,39.993185401824128,107,FY17-CAST-4743-01,2450 Castor Avenue - Site 163,FY17-CAST-4743-01,2450 Castor Avenue - Site 163,Verified,2017-08-11T09:39:39.000Z,Retrofit,,-1,592275,0,0,0,2,0,0,0,0,0,0
-75.122696504721986,40.005647802198695,108,FY17-BSTR-4742-01,3621 B Street - Site 190,FY17-BSTR-4742-01,3621 B Street - Site 190,Verified,2017-08-23T15:06:59.000Z,Retrofit,,-1,865225,0,0,0,4,0,0,0,0,0,0
-75.162189140576174,39.927246924122336,109,FY17-SAIN-4765-01,Saints John Neumann & Maria Goretti High School,FY17-SAIN-4765-01,Saints John Neumann & Maria Goretti High School,Verified,2017-07-26T12:44:34.000Z,Retrofit,-1,0,55000,0,0,0,0,1,0,0,0,0,0
-74.983978932803339,40.101594769587585,110,FY18-AIDF-4800-01,AID FOR FRIENDS,FY18-AIDF-4800-01,AID FOR FRIENDS,Verified,2017-10-17T09:23:59.000Z,Retrofit,,0,,0,1,0,1,0,0,0,0,0,0
-75.144839992151773,40.012466650871318,111,FY17-NTHS-4620-01,3900 N 10th Street - Site 39,FY17-NTHS-4620-01,3900 N 10th Street - Site 39,Verified,2017-09-05T12:18:47.000Z,Retrofit,,-1,1536938,0,0,0,2,0,0,0,0,0,0
-75.158448274288219,40.028665746059211,112,FY17-STEN-4469-01,4837-4849 & 4851-4865 Stenton Ave - Site 237,FY17-STEN-4469-01,4837-4849 & 4851-4865 Stenton Ave - Site 237,Verified,2016-11-01T11:56:28.000Z,Retrofit,,-1,318420,0,0,0,3,0,0,0,0,0,0
-75.182717219834345,39.916207523002832,113,FY16-STHS-4226-01,"2810 S. 20th Street - Site 13, Phase 2",FY16-STHS-4226-01,"2810 S. 20th Street - Site 13, Phase 2",Verified,2016-04-01T15:52:49.000Z,Retrofit,0,-1,327040,0,0,0,8,0,2,0,0,0,0
-75.066671560117427,40.011014319097939,114,FY17-EADO-4760-01,5400 Eadom Street - Site 62,FY17-EADO-4760-01,5400 Eadom Street - Site 62,Verified,2017-10-24T09:40:38.000Z,Retrofit,,-1,557827,0,2,0,0,0,0,0,0,0,0
-75.183483073847455,39.916207739086822,115,FY17-STHS-4442-01,"2810 S. 20th Street - Site 13, Phase 3",FY17-STHS-4442-01,"2810 S. 20th Street - Site 13, Phase 3",Verified,2017-03-01T12:50:46.000Z,Retrofit,,-1,1110789,0,0,0,7,0,0,0,0,0,0
-75.028231108687891,40.030920207219971,116,FY17-EDMU-4680-01,Site 99 - Phase 2,FY17-EDMU-4680-01,Site 99 - Phase 2,Verified,2017-06-14T13:44:41.000Z,Retrofit,,-1,,0,1,0,0,0,0,0,0,0,0
-75.02646739346315,40.03183325425622,117,FY16-SITE-4025-01,Site 99,FY16-SITE-4025-01,Site 99 - Phase 1,Verified,2017-04-27T10:09:48.000Z,Retrofit,0,-1,1582874,0,0,0,1,0,0,0,0,0,0
-75.162317106443751,40.011319028603417,118,FY18-WHUN-4834-01,2066 W Hunting Park - Site 195,FY18-WHUN-4834-01,2066 W Hunting Park - Site 195,Complete,2017-12-22T11:30:37.000Z,Retrofit,,-1,308000,0,1,0,0,0,0,0,0,0,0
-75.145169853501372,40.010938317732602,119,FY18-WBUL-4819-01,1007 W Butler St - Site 41,FY18-WBUL-4819-01,1007 W Butler St - Site 41,Verified,2017-12-29T11:26:11.000Z,Retrofit,,-1,524700,0,1,0,1,0,0,0,0,0,0
-75.1866831329001,40.001574982515272,120,FY18-PROD-4845-01,PRODIGY LEARNING CENTER,FY18-PROD-4845-01,PRODIGY LEARNING CENTER,Verified,2018-05-25T09:52:21.000Z,Retrofit,-1,0,,0,1,0,0,0,0,0,0,0,0
-75.247874117683736,39.988377328661848,121,FY18-TALM-4904-01,Talmudical Yeshiva of Philadelphia,FY18-TALM-4904-01,Talmudical Yeshiva of Philadelphia,Verified,2018-03-08T15:10:01.000Z,Retrofit,-1,0,66170,0,0,0,1,0,0,0,0,0,0
-75.101853202094318,40.00469375329719,122,FY18-NMST-4821-01,3750 N M Street - Site 248,FY18-NMST-4821-01,3750 N M Street - Site 248,Complete,2018-02-01T13:55:40.000Z,Retrofit,,-1,432100,0,0,0,1,0,0,0,0,0,0
-75.232860833530495,39.991356145417953,123,FY18-PINN-4913-01,PINN MEMORIAL BAPTIST CHURCH,FY18-PINN-4913-01,PINN MEMORIAL BAPTIST CHURCH,Verified,2018-04-02T11:12:25.000Z,Retrofit,-1,0,63472,0,3,0,0,0,0,0,0,0,0
-75.161324127149143,40.009741760212847,124,FY18-NORT-4846-01,3600 North 20th Street - Site 256,FY18-NORT-4846-01,3600 North 20th Street - Site 256,Verified,2018-04-04T14:16:15.000Z,Retrofit,,-1,576400,0,0,0,2,0,0,0,0,0,0
-75.055498738298908,40.013692818382573,125,FY18-COML-4942-01,5039 Comly Street,FY18-COML-4942-01,5039 Comly Street,Verified,2018-03-26T10:22:43.000Z,Retrofit,-1,0,114000,0,0,0,1,0,0,0,0,0,0
-75.214898972699785,39.935606932278581,126,FY18-GRAY-4905-01,5101 & 5213 Grays Ave - Site 191,FY18-GRAY-4905-01,5101 & 5213 Grays Ave - Site 191,Verified,2018-05-16T14:14:49.000Z,Retrofit,,-1,420000,0,0,0,1,0,0,0,0,0,0
-75.132048555952906,40.011105876412167,127,FY18-DEPA-4944-01,DePaul Group,FY18-DEPA-4944-01,DePaul Group,Construction,2018-05-11T09:15:07.000Z,Retrofit,-1,0,2034306,0,0,0,1,0,0,0,0,0,0
-75.156737530362804,40.039687779904263,128,FY18-LASA-4980-01,LaSalle University SMIP - Phase III,FY18-LASA-4980-01,LaSalle University SMIP - Phase III,Verified,2018-04-27T09:54:21.000Z,Retrofit,-1,0,,0,0,0,1,0,0,0,0,0,0
-75.106516987439718,40.004426470377311,129,FY18-EERI-4992-01,1100 E Erie Avenue - Site 251,FY18-EERI-4992-01,1100 E Erie Avenue - Site 251,Verified,2018-03-22T14:50:01.000Z,Retrofit,,-1,1043420,0,4,0,0,0,0,0,0,0,0
-75.248090674316813,39.98955547808842,130,FY18-TALM-4995-01,Talmudical Yeshiva of Philadelphia,FY18-TALM-4995-01,Talmudical Yeshiva of Philadelphia,Verified,2018-06-26T15:36:43.000Z,Retrofit,-1,0,,0,0,0,2,0,0,0,0,0,0
-75.008048360051816,40.054834906755332,131,FY18-ACAD-4999-01,9130 Academy Rd - Site 259,FY18-ACAD-4999-01,9130 Academy Rd - Site 259,Verified,2018-03-19T09:40:24.000Z,Retrofit,,-1,638000,0,0,0,1,0,0,0,0,0,0
-75.086563884026333,40.010529993766006,132,FY18-PAUL-4979-01,4301 Paul Street,FY18-PAUL-4979-01,4301 Paul Street,Complete,2018-03-23T10:45:23.000Z,Retrofit,,-1,266200,0,1,0,0,0,0,0,0,0,0
-75.093497531021086,40.018547928622148,133,FY18-ORTH-5057-01,1100 Orthodox Street- Site 230,FY18-ORTH-5057-01,1100 Orthodox St - Site 230,Complete,2018-09-07T15:22:45.000Z,Retrofit,,-1,771400,0,1,0,3,0,0,0,0,0,0
-75.184061665261154,39.955406122053269,134,FY18-DREX-5120-01,Drexel Square,FY18-DREX-5120-01,Schuylkill Yards Phase 0 - Drexel Square,Complete,2018-05-11T14:28:58.000Z,Retrofit,-1,0,85000,0,0,0,0,0,0,0,1,0,0
-75.100221756236593,40.035140806831755,135,FY18-WHIT-5066-01,5520 Whitaker Ave - Site 63,FY18-WHIT-5066-01,5520 Whitaker Ave - Site 63,Verified,2018-05-23T10:10:08.000Z,Retrofit,,-1,,0,1,0,1,0,0,0,0,0,0
-75.093272782633051,40.020087312428508,136,FY18-ADAM-5070-01,4629 Adams Avenue & 4640 Large Street,FY18-ADAM-5070-01,4629 ADAMS AVE & 4640 LARGE ST,Complete,2018-09-11T16:15:43.000Z,Retrofit,,-1,484827,0,2,0,0,0,0,0,0,0,0
-75.140088055432329,39.911178484550227,137,FY18-STOR-5156-01,Stormwater Improvements at Pier 98 Annex,FY18-STOR-5156-01,Stormwater improvements at Pier 98 Annex,Approved,2019-05-09T15:06:28.000Z,Retrofit,-1,0,4020000,0,0,0,4,0,0,0,0,0,0
-74.985736527608381,40.11048355163981,138,FY19-COMP-5188-01,Computer Component Corporation,FY19-COMP-5188-01,COMPUTER COMPONENT CORPORATION,Verified,2018-08-31T12:02:09.000Z,Retrofit,-1,0,,0,2,0,0,0,0,0,0,0,0
-75.224909819789517,39.995367419774283,139,FY18-BALA-5159-01,Bala Golf,FY18-BALA-5159-01,Bala Golf,Verified,2019-01-24T10:14:45.000Z,Retrofit,-1,0,715520,0,0,1,0,0,0,0,0,0,0
-75.002960984501684,40.127055020183526,140,FY18-SOUT-5096-01,1055 Southampton Road,FY18-SOUT-5096-01,1055 Southampton Road,Verified,2018-08-28T12:47:24.000Z,Retrofit,-1,0,39905,0,2,0,0,0,0,0,0,0,0
-75.162738869643121,39.940298797755759,141,FY18-CORN-5170-01,Cornerstone Urban Project,FY18-CORN-5170-01,Cornerstone Urban Project,Verified,2017-11-30T00:00:00.000Z,Retrofit,,0,,0,0,0,0,0,0,0,0,1,0
-75.171016782260779,40.013586645290793,142,FY18-WISS-5179-01,4300 Wissahickon Avenue - Site 196,FY18-WISS-5179-01,4300 Wissahickon Ave - Site 196,Verified,2018-12-04T11:25:22.000Z,Retrofit,,-1,5677050,0,0,0,1,0,0,0,0,0,0
-75.180956579075016,39.913885598467402,143,FY19-PEER-5261-01,PEER GARP/ Galdos Catering and Entertainment Storm,FY19-PEER-5261-01,PEER GARP/ Galdos Catering and Entertainment Stormwater Management Retrofit,Complete,2018-11-19T12:58:52.000Z,Retrofit,,-1,336588,0,0,0,2,0,0,0,0,0,0
-75.165849813854891,39.993472804260854,144,FY19-WGLE-5243-01,2041 W Glenwood Ave - Site 86,FY19-WGLE-5243-01,2041 W Glenwood Ave - Site 86,Verified,2018-11-01T09:12:15.000Z,Retrofit,,-1,,0,0,0,2,0,0,0,0,0,0
-75.166478935473179,39.992000861296717,145,FY19-WGLE-5241-01,2059 W Glenwood Ave - Site 242,FY19-WGLE-5241-01,2059 W Glenwood Ave - Site 242,Verified,2018-11-15T09:31:19.000Z,Retrofit,,-1,,0,0,0,2,0,0,0,0,0,0
-75.159454988275428,39.925933022317281,146,FY19-SOUT-5279-01,Southwark School Improvement Project,FY19-SOUT-5279-01,Southwark School Improvement Project,Construction,2019-03-28T09:41:39.000Z,Retrofit,-1,0,198993,0,0,0,0,0,1,0,0,0,0
-75.005255051483132,40.119268005977581,147,FY19-FELL-5234-01,Fellowship Bible Church,FY19-FELL-5234-01,Fellowship Bible Church,Complete,2018-11-09T10:07:23.000Z,Retrofit,-1,0,,0,0,1,0,0,0,0,0,0,0
-75.134022191984371,40.010680015675732,148,FY19-DEPA-5339-01,DePaul Group - Phase 2,FY19-DEPA-5339-01,DePaul Group - Phase 2,Approved,2018-12-07T10:19:52.000Z,Retrofit,-1,0,,0,0,0,1,0,0,0,0,0,0
-75.153623900720362,39.913640125088513,149,FY18-OREG-5175-01,Oregon Market,FY18-OREG-5175-01,OREGON MARKET,Verified,2018-08-13T12:45:46.000Z,Retrofit,,-1,1197984,0,0,0,4,0,0,0,0,0,0
-75.167937861772359,40.055464572652781,150,FY19-ARDL-5323-01,6201-6215 Ardleigh Street,FY19-ARDL-5323-01,6201-6215 Ardleigh Street,Construction,2019-05-01T12:27:59.000Z,Retrofit,-1,0,371000,0,0,0,0,2,0,0,0,0,0
-75.253077433387787,39.988508321591738,151,FY19-PEER-5346-01,PEER GARP/OVERBROOK PRESBYTERIAN CHURCH STORMWATER,FY19-PEER-5346-01,PEER GARP/OVERBROOK PRESBYTERIAN CHURCH STORMWATER MANAGEMENT RETROFIT,Construction,2019-07-19T13:40:39.000Z,Retrofit,0,-1,475525,0,1,0,0,1,0,0,0,0,0
-75.030294924064449,40.029329456848799,152,FY16-SITE-4020-01,Site 104,FY16-SITE-4020-01,Site 104,Verified,2015-08-27T11:34:15.000Z,Retrofit,0,-1,246400,0,2,0,0,0,0,0,0,0,0
-75.164989249138685,39.996114897474428,153,FY19-WLEH-5378-01,2001 W Lehigh Ave - Site 240,FY19-WLEH-5378-01,2001 W Lehigh Ave - Site 240,Construction,2019-01-15T08:58:19.000Z,Retrofit,,-1,1123200,0,0,0,3,0,1,0,0,0,0
-75.166742902054921,39.996089230661333,154,FY19-WLEH-5466-01,2101-49 W Lehigh Ave - Site 241,FY19-WLEH-5466-01,2101-49 W Lehigh Ave - Site 241,Construction,2019-04-30T14:05:00.000Z,Retrofit,,-1,,0,2,0,1,0,0,0,0,0,0
